{"cameraMode":{"drawMode":0,"name":"Shaded","section":"Shading Mode"},"sceneLighting":true,"audioPlay":false,"sceneViewState":{"showFog":true,"showMaterialUpdate":false,"showSkybox":true,"showFlares":true,"showImageEffects":true,"showParticleSystems":true},"in2DMode":false,"pivot":{"x":559.7083740234375,"y":-5.81162166595459,"z":343.25946044921877},"rotation":{"x":-0.09078676253557205,"y":0.5726568698883057,"z":-0.06400451064109802,"w":-0.8122361302375794},"size":32.22982406616211,"orthographic":false}