{"cameraMode":{"drawMode":0,"name":"Shaded","section":"Shading Mode"},"sceneLighting":true,"audioPlay":false,"sceneViewState":{"showFog":true,"showMaterialUpdate":false,"showSkybox":true,"showFlares":true,"showImageEffects":true,"showParticleSystems":true},"in2DMode":false,"pivot":{"x":613.948974609375,"y":2.2476601600646974,"z":326.3255615234375},"rotation":{"x":-0.09329327940940857,"y":0.85295170545578,"z":-0.16342778503894807,"w":-0.4868931472301483},"size":4.262172222137451,"orthographic":false}