{"cameraMode":{"drawMode":0,"name":"Shaded","section":"Shading Mode"},"sceneLighting":true,"audioPlay":false,"sceneViewState":{"showFog":true,"showMaterialUpdate":false,"showSkybox":true,"showFlares":true,"showImageEffects":true,"showParticleSystems":true},"in2DMode":false,"pivot":{"x":875.415771484375,"y":151.96429443359376,"z":4.107940673828125},"rotation":{"x":0.17883214354515077,"y":-0.19052666425704957,"z":0.03532140702009201,"w":0.9646189212799072},"size":134.41717529296876,"orthographic":false}