{"cameraMode":{"drawMode":0,"name":"Shaded","section":"Shading Mode"},"sceneLighting":true,"audioPlay":false,"sceneViewState":{"showFog":true,"showMaterialUpdate":false,"showSkybox":true,"showFlares":true,"showImageEffects":true,"showParticleSystems":true},"in2DMode":false,"pivot":{"x":613.6218872070313,"y":1.7266640663146973,"z":327.79742431640627},"rotation":{"x":-0.010090185329318047,"y":0.9831809401512146,"z":-0.17313505709171296,"w":-0.0572829432785511},"size":1.5336323976516724,"orthographic":false}