{"cameraMode":{"drawMode":0,"name":"Shaded","section":"Shading Mode"},"sceneLighting":true,"audioPlay":false,"sceneViewState":{"showFog":true,"showMaterialUpdate":false,"showSkybox":true,"showFlares":true,"showImageEffects":true,"showParticleSystems":true},"in2DMode":false,"pivot":{"x":968.9459228515625,"y":71.5088119506836,"z":34.223419189453128},"rotation":{"x":0.04515233635902405,"y":-0.07934050261974335,"z":0.0035911123268306257,"w":0.9958253502845764},"size":105.99630737304688,"orthographic":false}