{"cameraMode":{"drawMode":0,"name":"Shaded","section":"Shading Mode"},"sceneLighting":true,"audioPlay":false,"sceneViewState":{"showFog":true,"showMaterialUpdate":false,"showSkybox":true,"showFlares":true,"showImageEffects":true,"showParticleSystems":true},"in2DMode":false,"pivot":{"x":819.5299682617188,"y":348.4202880859375,"z":11.412078857421875},"rotation":{"x":-0.008689437061548233,"y":0.010495241731405259,"z":0.00008644799527246505,"w":0.9999181628227234},"size":353.7131652832031,"orthographic":false}