{"cameraMode":{"drawMode":0,"name":"Shaded","section":"Shading Mode"},"sceneLighting":true,"audioPlay":false,"sceneViewState":{"showFog":true,"showMaterialUpdate":false,"showSkybox":true,"showFlares":true,"showImageEffects":true,"showParticleSystems":true},"in2DMode":false,"pivot":{"x":613.5908813476563,"y":1.6934325695037842,"z":326.1988830566406},"rotation":{"x":-0.2306971549987793,"y":0.3700309693813324,"z":-0.09539302438497544,"w":-0.8948516249656677},"size":1.5336323976516724,"orthographic":false}