{"cameraMode":{"drawMode":0,"name":"Shaded","section":"Shading Mode"},"sceneLighting":true,"audioPlay":false,"sceneViewState":{"showFog":true,"showMaterialUpdate":false,"showSkybox":true,"showFlares":true,"showImageEffects":true,"showParticleSystems":true},"in2DMode":false,"pivot":{"x":571.3255615234375,"y":-4.170154571533203,"z":356.6125793457031},"rotation":{"x":0.061555396765470508,"y":-0.3693560063838959,"z":0.02452528290450573,"w":0.926923930644989},"size":32.22982406616211,"orthographic":false}