{"cameraMode":{"drawMode":0,"name":"Shaded","section":"Shading Mode"},"sceneLighting":true,"audioPlay":false,"sceneViewState":{"showFog":true,"showMaterialUpdate":false,"showSkybox":true,"showFlares":true,"showImageEffects":true,"showParticleSystems":true},"in2DMode":false,"pivot":{"x":462.5783996582031,"y":-381.0389099121094,"z":170.42498779296876},"rotation":{"x":0.03214937448501587,"y":-0.9403933882713318,"z":0.32558903098106387,"w":0.09285477548837662},"size":381.45745849609377,"orthographic":false}