{"cameraMode":{"drawMode":0,"name":"Shaded","section":"Shading Mode"},"sceneLighting":true,"audioPlay":false,"sceneViewState":{"showFog":true,"showMaterialUpdate":false,"showSkybox":true,"showFlares":true,"showImageEffects":true,"showParticleSystems":true},"in2DMode":false,"pivot":{"x":715.1080322265625,"y":-306.6750793457031,"z":-347.13031005859377},"rotation":{"x":0.00018508614448364824,"y":-0.9795057773590088,"z":0.2014218270778656,"w":0.0009024971514008939},"size":424.1278991699219,"orthographic":false}